{"aam": {"name": "Aramanik", "reason": "M", "change_to": "aas", "ret_remedy": "", "effective": "2015-01-12"}, "aay": {"name": "Aariya", "reason": "N", "change_to": "", "ret_remedy": "", "effective": "2009-01-16"}, "acc": {"name": "Cubulco Ach\u00ed", "reason": "M", "change_to": "acr", "ret_remedy": "", "effective": "2009-01-16"}, "adp": {"name": "Adap", "reason": "M", "change_to": "dzo", "ret_remedy": "", "effective": "2015-01-12"}, "aex": {"name": "Amerax", "reason": "M", "change_to": "eng", "ret_remedy": "", "effective": "2008-01-14"}, "agp": {"name": "Paranan", "reason": "S", "change_to": "", "ret_remedy": "Split into Pahanan Agta [apf] and Paranan [prf] (new identifier)", "effective": "2010-01-18"}, "ahe": {"name": "Ahe", "reason": "M", "change_to": "knx", "ret_remedy": "", "effective": "2008-01-14"}, "ais": {"name": "Nataoran Amis", "reason": "S", "change_to": "", "ret_remedy": "Split by part going to Amis [ami] and creating Sakizaya [szy] with the remaining part", "effective": "2019-01-25"}, "aiz": {"name": "Aari", "reason": "S", "change_to": "", "ret_remedy": "Split into Aari [aiw] (new identifier) and Gayil [gyl]", "effective": "2008-01-14"}, "ajt": {"name": "Judeo-Tunisian Arabic", "reason": "D", "change_to": "aeb", "ret_remedy": "", "effective": "2022-01-20"}, "akn": {"name": "Amikoana", "reason": "N", "change_to": "", "ret_remedy": "", "effective": "2008-01-14"}, "amd": {"name": "Amap\u00e1 Creole", "reason": "N", "change_to": "", "ret_remedy": "", "effective": "2007-07-18"}, "aoh": {"name": "Arma", "reason": "N", "change_to": "", "ret_remedy": "", "effective": "2020-01-23"}, "arf": {"name": "Arafundi", "reason": "S", "change_to": "", "ret_remedy": "Split into three languages: Andai [afd]; Nanubae [afk]; Tapei [afp]", "effective": "2008-01-14"}, "asd": {"name": "Asas", "reason": "M", "change_to": "snz", "ret_remedy": "", "effective": "2019-01-25"}, "atf": {"name": "Atuence", "reason": "N", "change_to": "", "ret_remedy": "", "effective": "2007-08-10"}, "aue": {"name": "\u01c2Kx\u02bcau\u01c1\u02bcein", "reason": "D", "change_to": "ktz", "ret_remedy": "", "effective": "2015-01-12"}, "auv": {"name": "Auvergnat", "reason": "M", "change_to": "oci", "ret_remedy": "", "effective": "2007-03-14"}, "ayx": {"name": "Ayi (China)", "reason": "D", "change_to": "nun", "ret_remedy": "", "effective": "2011-05-18"}, "ayy": {"name": "Tayabas Ayta", "reason": "N", "change_to": "", "ret_remedy": "", "effective": "2020-01-23"}, "azr": {"name": "Adzera", "reason": "S", "change_to": "", "ret_remedy": "Split into three languages: Adzera [adz] (new identifier), Sukurum [zsu] and Sarasira [zsa]", "effective": "2008-01-14"}, "baz": {"name": "Tunen", "reason": "S", "change_to": "", "ret_remedy": "Split Tunen [baz]  into Tunen [tvu] and Nyokon [nvo]", "effective": "2012-02-03"}, "bbz": {"name": "Babalia Creole Arabic", "reason": "N", "change_to": "", "ret_remedy": "", "effective": "2020-01-23"}, "bcx": {"name": "Pamona", "reason": "S", "change_to": "", "ret_remedy": "Split into Pamona [pmf] (new identifier) and Batui [zbt]", "effective": "2008-01-14"}, "bgh": {"name": "Bogan", "reason": "D", "change_to": "bbh", "ret_remedy": "", "effective": "2007-07-18"}, "bgm": {"name": "Baga Mboteni", "reason": "D", "change_to": "bcg", "ret_remedy": "", "effective": "2016-01-15"}, "bhk": {"name": "Albay Bicolano", "reason": "S", "change_to": "", "ret_remedy": "Split into Buhi'non Bikol [ubl]; Libon Bikol [lbl]; Miraya Bikol [rbl]; West Albay Bikol [fbl]", "effective": "2010-01-18"}, "bic": {"name": "Bikaru", "reason": "M", "change_to": "bir", "ret_remedy": "", "effective": "2021-01-15"}, "bii": {"name": "Bisu", "reason": "S", "change_to": "", "ret_remedy": "Split into Bisu [bzi] (new identifier) and Laomian [lwm]", "effective": "2008-01-14"}, "bij": {"name": "Vaghat-Ya-Bijim-Legeri", "reason": "S", "change_to": "", "ret_remedy": "Split into Tiyaa [tyy], Bijim [jbm] and Kadung [dkg].", "effective": "2021-01-15"}, "bjd": {"name": "Bandjigali", "reason": "M", "change_to": "drl", "ret_remedy": "", "effective": "2012-02-03"}, "bjq": {"name": "Southern Betsimisaraka Malagasy", "reason": "S", "change_to": "", "ret_remedy": "split into Southern Betsimisaraka [bzc] and Tesaka Malagasy [tkg]", "effective": "2011-05-18"}, "bkb": {"name": "Finallig", "reason": "S", "change_to": "", "ret_remedy": "Split into Eastern Bontok [ebk] and Southern Bontok [obk]", "effective": "2010-01-18"}, "bke": {"name": "Bengkulu", "reason": "M", "change_to": "pse", "ret_remedy": "", "effective": "2008-01-14"}, "blg": {"name": "Balau", "reason": "M", "change_to": "iba", "ret_remedy": "", "effective": "2021-01-15"}, "blu": {"name": "Hmong Njua", "reason": "S", "change_to": "", "ret_remedy": "Split into four languages: Hmong Njua [hnj] (new identifier); Chuanqiandian Cluster Miao [cqd]; Horned Miao [hrm]; Small Flowery Miao [sfm]", "effective": "2008-01-14"}, "bmy": {"name": "Bemba (Democratic Republic of Congo)", "reason": "N", "change_to": "", "ret_remedy": "", "effective": "2015-01-12"}, "bnh": {"name": "Banaw\u00e1", "reason": "M", "change_to": "jaa", "ret_remedy": "", "effective": "2007-07-18"}, "boc": {"name": "Bakung Kenyah", "reason": "M", "change_to": "xkl", "ret_remedy": "", "effective": "2008-01-14"}, "bpb": {"name": "Barbacoas", "reason": "N", "change_to": "", "ret_remedy": "", "effective": "2020-01-23"}, "bqe": {"name": "Navarro-Labourdin Basque", "reason": "M", "change_to": "eus", "ret_remedy": "", "effective": "2007-08-10"}, "bsd": {"name": "Sarawak Bisaya", "reason": "M", "change_to": "bsb", "ret_remedy": "", "effective": "2008-01-14"}, "bsz": {"name": "Souletin Basque", "reason": "M", "change_to": "eus", "ret_remedy": "", "effective": "2007-08-10"}, "btb": {"name": "Beti (Cameroon)", "reason": "S", "change_to": "", "ret_remedy": "Beti is a group name, not an individual language name. Member languages are Bebele [beb], Bebil [bxp], Bulu [bum], Eton [eto], Ewondo [ewo], Fang [fan], and Mengisa [mct], all of which already have their own code elements.", "effective": "2010-01-18"}, "btl": {"name": "Bhatola", "reason": "N", "change_to": "", "ret_remedy": "", "effective": "2016-01-15"}, "bvs": {"name": "Belgian Sign Language", "reason": "S", "change_to": "", "ret_remedy": "Split into Langue des signes de Belgique Francophone [sfb], and Vlaamse Gebarentaal [vgt]", "effective": "2007-07-18"}, "bwv": {"name": "Bahau River Kenyah", "reason": "N", "change_to": "", "ret_remedy": "", "effective": "2008-01-14"}, "bxt": {"name": "Buxinhua", "reason": "D", "change_to": "bgk", "ret_remedy": "", "effective": "2008-01-14"}, "bxx": {"name": "Borna (Democratic Republic of Congo)", "reason": "N", "change_to": "", "ret_remedy": "", "effective": "2015-01-12"}, "byu": {"name": "Buyang", "reason": "S", "change_to": "", "ret_remedy": "Split into three languages: E'ma Buyang [yzg]; Langnian Buyang [yln]; Baha Buyang [yha]", "effective": "2008-01-14"}, "byy": {"name": "Buya", "reason": "N", "change_to": "", "ret_remedy": "", "effective": "2015-01-12"}, "cbe": {"name": "Chipiajes", "reason": "N", "change_to": "", "ret_remedy": "", "effective": "2016-01-15"}, "cbh": {"name": "Cagua", "reason": "N", "change_to": "", "ret_remedy": "", "effective": "2016-01-15"}, "cbm": {"name": "Yepocapa Southwestern Cakchiquel", "reason": "M", "change_to": "cak", "ret_remedy": "", "effective": "2009-01-16"}, "cca": {"name": "Cauca", "reason": "N", "change_to": "", "ret_remedy": "", "effective": "2020-01-23"}, "ccq": {"name": "Chaungtha", "reason": "M", "change_to": "rki", "ret_remedy": "", "effective": "2012-02-03"}, "ccx": {"name": "Northern Zhuang", "reason": "S", "change_to": "", "ret_remedy": "Split into ten languages: Guibian Zh [zgn]; Liujiang Zh [zlj]; Qiubei Zh [zqe]; Guibei Zh [zgb]; Youjiang Zh [zyj]; Central Hongshuihe Zh [zch]; Eastern Hongshuihe Zh [zeh]; Liuqian Zh [zlq]; Yongbei Zh [zyb]; Lianshan Zh [zln].", "effective": "2008-01-14"}, "ccy": {"name": "Southern Zhuang", "reason": "S", "change_to": "", "ret_remedy": "Split into five languages: Nong Zhuang [zhn];  Yang Zhuang [zyg]; Yongnan Zhuang [zyn]; Zuojiang Zhuang [zzj]; Dai Zhuang [zhd].", "effective": "2007-07-18"}, "cdg": {"name": "Chamari", "reason": "N", "change_to": "", "ret_remedy": "", "effective": "2020-01-23"}, "chs": {"name": "Chumash", "reason": "", "change_to": "", "ret_remedy": "", "effective": "2009-01-16"}, "cit": {"name": "Chittagonian", "reason": "S", "change_to": "", "ret_remedy": "Split into Rohingya [rhg], and Chittagonian (new identifier [ctg])", "effective": "2007-07-18"}, "cjr": {"name": "Chorotega", "reason": "M", "change_to": "mom", "ret_remedy": "", "effective": "2010-01-18"}, "cka": {"name": "Khumi Awa Chin", "reason": "M", "change_to": "cmr", "ret_remedy": "", "effective": "2012-02-03"}, "ckc": {"name": "Northern Cakchiquel", "reason": "M", "change_to": "cak", "ret_remedy": "", "effective": "2009-01-16"}, "ckd": {"name": "South Central Cakchiquel", "reason": "M", "change_to": "cak", "ret_remedy": "", "effective": "2009-01-16"}, "cke": {"name": "Eastern Cakchiquel", "reason": "M", "change_to": "cak", "ret_remedy": "", "effective": "2009-01-16"}, "ckf": {"name": "Southern Cakchiquel", "reason": "M", "change_to": "cak", "ret_remedy": "", "effective": "2009-01-16"}, "cki": {"name": "Santa Mar\u00eda De Jes\u00fas Cakchiquel", "reason": "M", "change_to": "cak", "ret_remedy": "", "effective": "2009-01-16"}, "ckj": {"name": "Santo Domingo Xenacoj Cakchiquel", "reason": "M", "change_to": "cak", "ret_remedy": "", "effective": "2009-01-16"}, "ckk": {"name": "Acatenango Southwestern Cakchiquel", "reason": "M", "change_to": "cak", "ret_remedy": "", "effective": "2009-01-16"}, "ckw": {"name": "Western Cakchiquel", "reason": "M", "change_to": "cak", "ret_remedy": "", "effective": "2009-01-16"}, "cmk": {"name": "Chimakum", "reason": "D", "change_to": "xch", "ret_remedy": "", "effective": "2010-01-18"}, "cnm": {"name": "Ixtat\u00e1n Chuj", "reason": "M", "change_to": "cac", "ret_remedy": "", "effective": "2009-01-16"}, "coy": {"name": "Coyaima", "reason": "M", "change_to": "pij", "ret_remedy": "", "effective": "2016-01-15"}, "cqu": {"name": "Chilean Quechua", "reason": "M", "change_to": "quh", "ret_remedy": "", "effective": "2016-01-15"}, "cru": {"name": "Car\u00fatana", "reason": "M", "change_to": "bwi", "ret_remedy": "", "effective": "2008-01-14"}, "cti": {"name": "Tila Chol", "reason": "M", "change_to": "ctu", "ret_remedy": "", "effective": "2009-01-16"}, "cug": {"name": "Chungmboko", "reason": "S", "change_to": "", "ret_remedy": "Split into Chung [cnq] and Mbuk [bpc]", "effective": "2022-01-20"}, "cum": {"name": "Cumeral", "reason": "N", "change_to": "", "ret_remedy": "", "effective": "2016-01-15"}, "cun": {"name": "Cun\u00e9n Quich\u00e9", "reason": "M", "change_to": "quc", "ret_remedy": "", "effective": "2009-01-16"}, "daf": {"name": "Dan", "reason": "S", "change_to": "", "ret_remedy": "Split into Dan [dnj] and Kla-Dan [lda]", "effective": "2013-01-23"}, "dap": {"name": "Nisi (India)", "reason": "S", "change_to": "", "ret_remedy": "Split into Nyishi [njz] and Tagin [tgj]", "effective": "2012-02-03"}, "dat": {"name": "Darang Deng", "reason": "D", "change_to": "mhu", "ret_remedy": "", "effective": "2008-01-14"}, "dgu": {"name": "Degaru", "reason": "N", "change_to": "", "ret_remedy": "", "effective": "2020-01-23"}, "dha": {"name": "Dhanwar (India)", "reason": "N", "change_to": "", "ret_remedy": "", "effective": "2011-05-18"}, "dit": {"name": "Dirari", "reason": "M", "change_to": "dif", "ret_remedy": "", "effective": "2019-01-25"}, "djl": {"name": "Djiwarli", "reason": "S", "change_to": "", "ret_remedy": "Split into Djiwarli [dze] and Thiin [iin]", "effective": "2013-01-23"}, "dkl": {"name": "Kolum So Dogon", "reason": "S", "change_to": "", "ret_remedy": "split into Ampari Dogon [aqd] and Mombo Dogon [dmb]", "effective": "2011-05-18"}, "drh": {"name": "Darkhat", "reason": "M", "change_to": "khk", "ret_remedy": "", "effective": "2010-01-18"}, "drr": {"name": "Dororo", "reason": "M", "change_to": "kzk", "ret_remedy": "", "effective": "2020-01-23"}, "drw": {"name": "Darwazi", "reason": "M", "change_to": "prs", "ret_remedy": "", "effective": "2010-01-18"}, "dud": {"name": "Hun-Saare", "reason": "S", "change_to": "", "ret_remedy": "Split into ut-Hun [uth] and us-Saare [uss]", "effective": "2019-01-25"}, "duj": {"name": "Dhuwal", "reason": "S", "change_to": "", "ret_remedy": "split into [dwu] Dhuwal and [dwy] Dhuwaya", "effective": "2016-01-15"}, "dwl": {"name": "Walo Kumbe Dogon", "reason": "S", "change_to": "", "ret_remedy": "Split into Dogon, Bankan Tey (Walo) [dbw]  and Dogon, Ben Tey (Beni) [dbt]", "effective": "2012-02-03"}, "dyk": {"name": "Land Dayak", "reason": "N", "change_to": "", "ret_remedy": "", "effective": "2008-01-14"}, "dzd": {"name": "Daza", "reason": "N", "change_to": "", "ret_remedy": "", "effective": "2015-01-12"}, "ekc": {"name": "Eastern Karnic", "reason": "N", "change_to": "", "ret_remedy": "", "effective": "2020-01-23"}, "elp": {"name": "Elpaputih", "reason": "N", "change_to": "", "ret_remedy": "", "effective": "2012-02-03"}, "eml": {"name": "Emiliano-Romagnolo", "reason": "S", "change_to": "", "ret_remedy": "Split into Emilian [egl] and Romagnol [rgn]", "effective": "2009-01-16"}, "emo": {"name": "Emok", "reason": "N", "change_to": "", "ret_remedy": "", "effective": "2014-02-03"}, "eni": {"name": "Enim", "reason": "M", "change_to": "pse", "ret_remedy": "", "effective": "2008-01-14"}, "eur": {"name": "Europanto", "reason": "N", "change_to": "", "ret_remedy": "", "effective": "2009-01-16"}, "fiz": {"name": "Izere", "reason": "S", "change_to": "", "ret_remedy": "Split into Ganang [gne] and Izere [izr] (new identifier)", "effective": "2008-01-14"}, "flm": {"name": "Falam Chin", "reason": "S", "change_to": "", "ret_remedy": "Split into Ranglong [rnl], and Falam Chin (new identifier [cfm]).", "effective": "2007-07-18"}, "fri": {"name": "Western Frisian", "reason": "C", "change_to": "fry", "ret_remedy": "", "effective": "2007-02-01"}, "gav": {"name": "Gabutamon", "reason": "M", "change_to": "dev", "ret_remedy": "", "effective": "2010-01-18"}, "gbc": {"name": "Garawa", "reason": "S", "change_to": "", "ret_remedy": "Split into Garrwa [wrk] and Wanyi [wny]", "effective": "2012-02-03"}, "gen": {"name": "Geman Deng", "reason": "D", "change_to": "mxj", "ret_remedy": "", "effective": "2008-01-14"}, "gfx": {"name": "Mangetti Dune \u01c3Xung", "reason": "M", "change_to": "vaj", "ret_remedy": "", "effective": "2015-01-12"}, "ggh": {"name": "Garreh-Ajuran", "reason": "S", "change_to": "", "ret_remedy": "Split between Borana [gax] and Somali [som]", "effective": "2008-01-14"}, "ggm": {"name": "Gugu Mini", "reason": "N", "change_to": "", "ret_remedy": "", "effective": "2014-02-03"}, "ggn": {"name": "Eastern Gurung", "reason": "M", "change_to": "gvr", "ret_remedy": "", "effective": "2016-01-15"}, "ggo": {"name": "Southern Gondi", "reason": "S", "change_to": "", "ret_remedy": "split into [esg] Aheri Gondi and [wsg] Adilabad Gondi", "effective": "2016-01-15"}, "ggr": {"name": "Aghu Tharnggalu", "reason": "S", "change_to": "", "ret_remedy": "Split into Aghu-Tharnggala [gtu], Gugu-Mini [ggm], and Ikarranggal [ikr]", "effective": "2013-01-23"}, "gio": {"name": "Gelao", "reason": "S", "change_to": "", "ret_remedy": "split into Qau [gqu] and A'ou [aou] with some going to Green Gelao [gig], some to Red Gelao [gir], and some to White Gelao [giw]", "effective": "2012-02-03"}, "gji": {"name": "Geji", "reason": "S", "change_to": "", "ret_remedy": "Split into Gyaazi [gyz], and Bu (Bauchi State) [zbu]", "effective": "2021-01-15"}, "gli": {"name": "Guliguli", "reason": "M", "change_to": "kzk", "ret_remedy": "", "effective": "2020-01-23"}, "gmo": {"name": "Gamo-Gofa-Dawro", "reason": "S", "change_to": "", "ret_remedy": "Split into three languages: Gamo [gmv], Gofa [gof], and Dawro [dwr]", "effective": "2009-01-16"}, "gsc": {"name": "Gascon", "reason": "M", "change_to": "oci", "ret_remedy": "", "effective": "2007-03-14"}, "gti": {"name": "Gbati-ri", "reason": "M", "change_to": "nyc", "ret_remedy": "", "effective": "2015-01-12"}, "hrr": {"name": "Horuru", "reason": "M", "change_to": "jal", "ret_remedy": "", "effective": "2012-02-03"}, "hsf": {"name": "Southeastern Huastec", "reason": "M", "change_to": "hus", "ret_remedy": "", "effective": "2009-01-16"}, "hva": {"name": "San Lu\u00eds Potos\u00ed Huastec", "reason": "M", "change_to": "hus", "ret_remedy": "", "effective": "2009-01-16"}, "iap": {"name": "Iapama", "reason": "N", "change_to": "", "ret_remedy": "", "effective": "2016-01-15"}, "ibi": {"name": "Ibilo", "reason": "M", "change_to": "opa", "ret_remedy": "", "effective": "2012-02-03"}, "ill": {"name": "Iranun", "reason": "S", "change_to": "", "ret_remedy": "Split into Iranun (Philippines) [ilp] and Iranun (Malaysia) [ilm]", "effective": "2016-01-15"}, "ilw": {"name": "Talur", "reason": "M", "change_to": "gal", "ret_remedy": "", "effective": "2013-01-23"}, "ime": {"name": "Imeraguen", "reason": "N", "change_to": "", "ret_remedy": "", "effective": "2015-01-12"}, "itu": {"name": "Itutang", "reason": "M", "change_to": "mzu", "ret_remedy": "", "effective": "2008-01-14"}, "ixi": {"name": "Nebaj Ixil", "reason": "M", "change_to": "ixl", "ret_remedy": "", "effective": "2009-01-16"}, "ixj": {"name": "Chajul Ixil", "reason": "M", "change_to": "ixl", "ret_remedy": "", "effective": "2009-01-16"}, "izi": {"name": "Izi-Ezaa-Ikwo-Mgbo", "reason": "S", "change_to": "", "ret_remedy": "Split into Izii [izz], Ezaa [eza], Ikwo [iqw], Mgbolizhia [gmz]", "effective": "2013-01-23"}, "jai": {"name": "Western Jacalteco", "reason": "M", "change_to": "jac", "ret_remedy": "", "effective": "2009-01-16"}, "jap": {"name": "Jaru\u00e1ra", "reason": "M", "change_to": "jaa", "ret_remedy": "", "effective": "2007-07-18"}, "jar": {"name": "Jarawa (Nigeria)", "reason": "S", "change_to": "", "ret_remedy": "split into Gwak [jgk] and Bankal [jjr]", "effective": "2012-02-03"}, "jeg": {"name": "Jeng", "reason": "M", "change_to": "oyb", "ret_remedy": "", "effective": "2017-01-31"}, "kbf": {"name": "Kakauhua", "reason": "N", "change_to": "", "ret_remedy": "", "effective": "2015-01-12"}, "kds": {"name": "Lahu Shi", "reason": "S", "change_to": "", "ret_remedy": "Split into Kucong [lkc] and Lahu Shi [lhi] (new identifier)", "effective": "2008-01-14"}, "kdv": {"name": "Kado", "reason": "S", "change_to": "", "ret_remedy": "split into Kadu [zkd] and Kanan [zkn]", "effective": "2012-02-03"}, "kgc": {"name": "Kasseng", "reason": "D", "change_to": "tdf", "ret_remedy": "", "effective": "2016-01-15"}, "kgd": {"name": "Kataang", "reason": "S", "change_to": "", "ret_remedy": "Split into [ncq] Northern Katang and [sct] Southern Katang", "effective": "2017-01-31"}, "kgh": {"name": "Upper Tanudan Kalinga", "reason": "M", "change_to": "kml", "ret_remedy": "", "effective": "2012-02-03"}, "kjf": {"name": "Khalaj", "reason": "N", "change_to": "", "ret_remedy": "", "effective": "2020-01-23"}, "knh": {"name": "Kayan River Kenyah", "reason": "N", "change_to": "", "ret_remedy": "", "effective": "2008-01-14"}, "kob": {"name": "Kohoroxitari", "reason": "M", "change_to": "xsu", "ret_remedy": "", "effective": "2007-07-18"}, "koj": {"name": "Sara Dunjo", "reason": "M", "change_to": "kwv", "ret_remedy": "", "effective": "2015-01-12"}, "kox": {"name": "Coxima", "reason": "N", "change_to": "", "ret_remedy": "", "effective": "2016-01-15"}, "kpp": {"name": "Paku Karen", "reason": "S", "change_to": "", "ret_remedy": "Split into Paku Karen [jkp] and Mobwa Karen [jkm]", "effective": "2012-02-03"}, "krg": {"name": "North Korowai", "reason": "M", "change_to": "khe", "ret_remedy": "", "effective": "2008-01-14"}, "krm": {"name": "Krim", "reason": "M", "change_to": "bmf", "ret_remedy": "", "effective": "2017-01-31"}, "krq": {"name": "Krui", "reason": "M", "change_to": "ljp", "ret_remedy": "", "effective": "2008-01-14"}, "ktr": {"name": "Kota Marudu Tinagas", "reason": "M", "change_to": "dtp", "ret_remedy": "", "effective": "2016-01-15"}, "kvs": {"name": "Kunggara", "reason": "D", "change_to": "gdj", "ret_remedy": "", "effective": "2016-01-15"}, "kwq": {"name": "Kwak", "reason": "M", "change_to": "yam", "ret_remedy": "", "effective": "2015-01-12"}, "kxe": {"name": "Kakihum", "reason": "M", "change_to": "tvd", "ret_remedy": "", "effective": "2015-01-12"}, "kxg": {"name": "Katingan", "reason": "M", "change_to": "nij", "ret_remedy": "", "effective": "2008-01-14"}, "kxl": {"name": "Nepali Kurux", "reason": "M", "change_to": "kru", "ret_remedy": "", "effective": "2020-01-23"}, "kxu": {"name": "Kui (India)", "reason": "S", "change_to": "", "ret_remedy": "Split into [dwk] Dawik Kui and [uki] Kui (India)", "effective": "2020-01-23"}, "kzh": {"name": "Kenuzi-Dongola", "reason": "S", "change_to": "", "ret_remedy": "Split into Andaandi (Dongolawi) [dgl] and Kenzi (Mattoki) [xnz]", "effective": "2012-02-03"}, "kzj": {"name": "Coastal Kadazan", "reason": "M", "change_to": "dtp", "ret_remedy": "", "effective": "2016-01-15"}, "kzt": {"name": "Tambunan Dusun", "reason": "M", "change_to": "dtp", "ret_remedy": "", "effective": "2016-01-15"}, "lak": {"name": "Laka (Nigeria)", "reason": "M", "change_to": "ksp", "ret_remedy": "", "effective": "2022-01-20"}, "lba": {"name": "Lui", "reason": "N", "change_to": "", "ret_remedy": "", "effective": "2019-01-25"}, "leg": {"name": "Lengua", "reason": "S", "change_to": "", "ret_remedy": "Split into Enlhet [enl] and Enxet [enx]", "effective": "2014-02-03"}, "lii": {"name": "Lingkhim", "reason": "M", "change_to": "raq", "ret_remedy": "", "effective": "2015-01-12"}, "llo": {"name": "Khlor", "reason": "D", "change_to": "ngt", "ret_remedy": "", "effective": "2019-01-25"}, "lmm": {"name": "Lamam", "reason": "M", "change_to": "rmx", "ret_remedy": "", "effective": "2014-02-03"}, "lms": {"name": "Limousin", "reason": "M", "change_to": "oci", "ret_remedy": "", "effective": "2007-03-14"}, "lmt": {"name": "Lematang", "reason": "M", "change_to": "mui", "ret_remedy": "", "effective": "2008-01-14"}, "lmz": {"name": "Lumbee", "reason": "N", "change_to": "", "ret_remedy": "", "effective": "2020-01-23"}, "lnc": {"name": "Languedocien", "reason": "M", "change_to": "oci", "ret_remedy": "", "effective": "2007-03-14"}, "lno": {"name": "Lango (South Sudan)", "reason": "S", "change_to": "", "ret_remedy": "Split into Lango [lgo], Imotong [imt], Logir [lqr] and Okolie [oie]", "effective": "2022-01-20"}, "lnt": {"name": "Lintang", "reason": "M", "change_to": "pse", "ret_remedy": "", "effective": "2008-01-14"}, "lod": {"name": "Berawan", "reason": "S", "change_to": "", "ret_remedy": "Split into three languages: West Berawan [zbw], Central Berawan [zbc], and East Berawan [zbe]", "effective": "2008-01-14"}, "lsg": {"name": "Lyons Sign Language", "reason": "N", "change_to": "", "ret_remedy": "", "effective": "2018-01-23"}, "mbg": {"name": "Northern Nambiku\u00e1ra", "reason": "S", "change_to": "", "ret_remedy": "Split into six languages: Alapmunte [apv]; Lakond\u00ea [lkd]; Latund\u00ea [ltn]; Mamaind\u00e9 [wmd]; Tawand\u00ea [xtw]; Yalakalore [xyl]", "effective": "2008-01-14"}, "mdo": {"name": "Southwest Gbaya", "reason": "S", "change_to": "", "ret_remedy": "Split into Southwest Gbaya [gso] (new identifier) and Gbaya-Mbodomo [gmm]", "effective": "2008-01-14"}, "meg": {"name": "Mea", "reason": "M", "change_to": "cir", "ret_remedy": "", "effective": "2013-01-23"}, "mgx": {"name": "Omati", "reason": "S", "change_to": "", "ret_remedy": "Split into Barikewa [jbk] and Mouwase [jmw]", "effective": "2012-02-03"}, "mhh": {"name": "Maskoy Pidgin", "reason": "N", "change_to": "", "ret_remedy": "", "effective": "2014-02-03"}, "mhv": {"name": "Arakanese", "reason": "S", "change_to": "", "ret_remedy": "Split into Marma [rmz] and Rakhine [rki]", "effective": "2008-01-14"}, "miv": {"name": "Mimi", "reason": "M", "change_to": "amj", "ret_remedy": "", "effective": "2008-01-14"}, "mja": {"name": "Mahei", "reason": "N", "change_to": "", "ret_remedy": "", "effective": "2011-05-18"}, "mld": {"name": "Malakhel", "reason": "N", "change_to": "", "ret_remedy": "", "effective": "2013-01-23"}, "mly": {"name": "Malay (individual language)", "reason": "S", "change_to": "", "ret_remedy": "Split into four languages: Standard Malay [zsm], Haji [hji], Papuan Malay [pmy] and Malay (individual language) [zlm]", "effective": "2008-02-18"}, "mms": {"name": "Southern Mam", "reason": "M", "change_to": "mam", "ret_remedy": "", "effective": "2009-01-16"}, "mnt": {"name": "Maykulan", "reason": "S", "change_to": "", "ret_remedy": "Split into Mayi-Kulan [xyk], Mayi-Thakurti [xyt], Mayi-Yapi [xyj], and Wunumara [wnn]", "effective": "2013-01-23"}, "mob": {"name": "Moinba", "reason": "S", "change_to": "", "ret_remedy": "Split into five languages: Chug [cvg]; Lish [lsh];  Kalaktang Monpa [kkf]; Tawang Monpa [twm]; Sartang [onp]", "effective": "2007-07-18"}, "mof": {"name": "Mohegan-Montauk-Narragansett", "reason": "S", "change_to": "", "ret_remedy": "split into Mohegan-Pequot [xpq] and Narragansett [xnt]", "effective": "2010-01-18"}, "mol": {"name": "Moldavian", "reason": "M", "change_to": "ron", "ret_remedy": "", "effective": "2008-11-03"}, "mpf": {"name": "Tajumulco Mam", "reason": "M", "change_to": "mam", "ret_remedy": "", "effective": "2009-01-16"}, "mqd": {"name": "Madang", "reason": "M", "change_to": "xkl", "ret_remedy": "", "effective": "2008-01-14"}, "mst": {"name": "Cataelano Mandaya", "reason": "M", "change_to": "mry", "ret_remedy": "", "effective": "2010-01-18"}, "mtz": {"name": "Tacanec", "reason": "M", "change_to": "mam", "ret_remedy": "", "effective": "2009-01-16"}, "muw": {"name": "Mundari", "reason": "S", "change_to": "", "ret_remedy": "Split into Munda [unx] and Mundari [unr] (new identifier)", "effective": "2008-02-18"}, "mvc": {"name": "Central Mam", "reason": "M", "change_to": "mam", "ret_remedy": "", "effective": "2009-01-16"}, "mvj": {"name": "Todos Santos Cuchumat\u00e1n Mam", "reason": "M", "change_to": "mam", "ret_remedy": "", "effective": "2009-01-16"}, "mvm": {"name": "Muya", "reason": "S", "change_to": "", "ret_remedy": "Split into Eastern Minyag [emq] and Western Minyag [wmg]", "effective": "2021-01-15"}, "mwd": {"name": "Mudbura", "reason": "S", "change_to": "", "ret_remedy": "Split into Karranga [xrq] and Mudburra [dmw]", "effective": "2013-01-23"}, "mwj": {"name": "Maligo", "reason": "M", "change_to": "vaj", "ret_remedy": "", "effective": "2015-01-12"}, "mwx": {"name": "Mediak", "reason": "N", "change_to": "", "ret_remedy": "", "effective": "2018-01-23"}, "mwy": {"name": "Mosiro", "reason": "N", "change_to": "", "ret_remedy": "", "effective": "2018-01-23"}, "myd": {"name": "Maramba", "reason": "M", "change_to": "aog", "ret_remedy": "", "effective": "2019-01-25"}, "myi": {"name": "Mina (India)", "reason": "N", "change_to": "", "ret_remedy": "", "effective": "2019-01-25"}, "myq": {"name": "Forest Maninka", "reason": "N", "change_to": "", "ret_remedy": "", "effective": "2013-01-23"}, "myt": {"name": "Sangab Mandaya", "reason": "M", "change_to": "mry", "ret_remedy": "", "effective": "2010-01-18"}, "mzf": {"name": "Aiku", "reason": "S", "change_to": "", "ret_remedy": "Split into four languages: Ambrak [aag]; Yangum Dey [yde]; Yangum Gel [ygl]; Yangum Mon [ymo]", "effective": "2007-07-18"}, "nad": {"name": "Nijadali", "reason": "D", "change_to": "xny", "ret_remedy": "", "effective": "2016-01-15"}, "nbf": {"name": "Naxi", "reason": "S", "change_to": "", "ret_remedy": "split into Naxi [nxq] and Narua [nru]", "effective": "2011-05-18"}, "nbx": {"name": "Ngura", "reason": "S", "change_to": "", "ret_remedy": "Split into Eastern Karnic [ekc], Garlali [gll], Punthamara [xpt], Wangkumara [xwk], and Badjiri [jbi]", "effective": "2013-01-23"}, "ncp": {"name": "Ndaktup", "reason": "M", "change_to": "kdz", "ret_remedy": "", "effective": "2018-01-23"}, "nfg": {"name": "Nyeng", "reason": "M", "change_to": "nfd", "ret_remedy": "", "effective": "2009-01-26"}, "nfk": {"name": "Shakara", "reason": "M", "change_to": "nfd", "ret_remedy": "", "effective": "2009-01-26"}, "ngo": {"name": "Ngoni", "reason": "S", "change_to": "", "ret_remedy": "Split into Ngoni (Tanzania) [xnj] and Ngoni (Mozambique) [xnq]", "effective": "2021-01-15"}, "nhj": {"name": "Tlalitzlipa Nahuatl", "reason": "M", "change_to": "nhi", "ret_remedy": "", "effective": "2007-07-18"}, "nhs": {"name": "Southeastern Puebla Nahuatl", "reason": "S", "change_to": "", "ret_remedy": "Split into Sierra Negra Nahuatl [nsu] and Southeastern Puebla Nahuatl [npl]", "effective": "2007-07-18"}, "nky": {"name": "Khiamniungan Naga", "reason": "S", "change_to": "", "ret_remedy": "Split into three languages: Khiamniungan Naga [kix] (new identifier); Para Naga [pzn]; Makuri Naga [jmn]", "effective": "2008-01-14"}, "nln": {"name": "Durango Nahuatl", "reason": "S", "change_to": "", "ret_remedy": "Split into Eastern Durango Nahuatl [azd] and Western Durango Nahuatl [azn]", "effective": "2012-02-03"}, "nlr": {"name": "Ngarla", "reason": "S", "change_to": "", "ret_remedy": "Split into Ngarla [nrk] and Yinhawangka [ywg]", "effective": "2013-01-23"}, "nns": {"name": "Ningye", "reason": "M", "change_to": "nbr", "ret_remedy": "", "effective": "2019-01-25"}, "nnx": {"name": "Ngong", "reason": "M", "change_to": "ngv", "ret_remedy": "", "effective": "2015-01-12"}, "noo": {"name": "Nootka", "reason": "S", "change_to": "", "ret_remedy": "Split into [dtd] Ditidaht and [nuk] Nuu-chah-nulth", "effective": "2011-05-18"}, "nts": {"name": "Natagaimas", "reason": "M", "change_to": "pij", "ret_remedy": "", "effective": "2016-01-15"}, "nxj": {"name": "Nyadu", "reason": "M", "change_to": "byd", "ret_remedy": "", "effective": "2008-01-14"}, "nxu": {"name": "Narau", "reason": "M", "change_to": "bpp", "ret_remedy": "", "effective": "2020-01-23"}, "occ": {"name": "Occidental", "reason": "D", "change_to": "ile", "ret_remedy": "", "effective": "2007-07-18"}, "ogn": {"name": "Ogan", "reason": "M", "change_to": "pse", "ret_remedy": "", "effective": "2008-01-14"}, "ome": {"name": "Omejes", "reason": "N", "change_to": "", "ret_remedy": "", "effective": "2016-01-15"}, "ope": {"name": "Old Persian", "reason": "D", "change_to": "peo", "ret_remedy": "", "effective": "2008-04-18"}, "ork": {"name": "Orokaiva", "reason": "S", "change_to": "", "ret_remedy": "Split into Orokaiva [okv] (new identifier), Aeka [aez] and Hunjara-Kaina Ke [hkk]", "effective": "2008-01-14"}, "oun": {"name": "\u01c3O\u01c3ung", "reason": "M", "change_to": "vaj", "ret_remedy": "", "effective": "2015-01-12"}, "paj": {"name": "Ipeka-Tapuia", "reason": "M", "change_to": "kpc", "ret_remedy": "", "effective": "2008-01-14"}, "pat": {"name": "Papitalai", "reason": "M", "change_to": "kxr", "ret_remedy": "", "effective": "2021-01-15"}, "pbz": {"name": "Palu", "reason": "N", "change_to": "", "ret_remedy": "", "effective": "2012-02-03"}, "pcr": {"name": "Panang", "reason": "M", "change_to": "adx", "ret_remedy": "", "effective": "2013-01-23"}, "pec": {"name": "Southern Pesisir", "reason": "M", "change_to": "ljp", "ret_remedy": "", "effective": "2008-01-14"}, "pen": {"name": "Penesak", "reason": "M", "change_to": "mui", "ret_remedy": "", "effective": "2008-01-14"}, "pgy": {"name": "Pongyong", "reason": "N", "change_to": "", "ret_remedy": "", "effective": "2012-02-03"}, "pii": {"name": "Pini", "reason": "N", "change_to": "", "ret_remedy": "", "effective": "2022-01-20"}, "plm": {"name": "Palembang", "reason": "M", "change_to": "mui", "ret_remedy": "", "effective": "2008-01-14"}, "plp": {"name": "Palpa", "reason": "N", "change_to": "", "ret_remedy": "", "effective": "2020-01-23"}, "pmc": {"name": "Palumata", "reason": "D", "change_to": "huw", "ret_remedy": "", "effective": "2016-01-15"}, "pmu": {"name": "Mirpur Panjabi", "reason": "M", "change_to": "phr", "ret_remedy": "", "effective": "2015-01-12"}, "poa": {"name": "Eastern Pokomam", "reason": "M", "change_to": "poc", "ret_remedy": "", "effective": "2009-01-16"}, "pob": {"name": "Western Pokomch\u00ed", "reason": "M", "change_to": "poh", "ret_remedy": "", "effective": "2009-01-16"}, "pod": {"name": "Ponares", "reason": "N", "change_to": "", "ret_remedy": "", "effective": "2016-01-15"}, "poj": {"name": "Lower Pokomo", "reason": "M", "change_to": "pkb", "ret_remedy": "", "effective": "2008-01-14"}, "pou": {"name": "Southern Pokomam", "reason": "M", "change_to": "poc", "ret_remedy": "", "effective": "2009-01-16"}, "ppa": {"name": "Pao", "reason": "M", "change_to": "bfy", "ret_remedy": "", "effective": "2016-01-15"}, "ppr": {"name": "Piru", "reason": "M", "change_to": "lcq", "ret_remedy": "", "effective": "2013-01-23"}, "ppv": {"name": "Papav\u00f4", "reason": "N", "change_to": "", "ret_remedy": "", "effective": "2009-01-16"}, "prb": {"name": "Lua'", "reason": "N", "change_to": "", "ret_remedy": "", "effective": "2017-01-31"}, "prv": {"name": "Proven\u00e7al", "reason": "M", "change_to": "oci", "ret_remedy": "", "effective": "2007-03-14"}, "pry": {"name": "Pray 3", "reason": "D", "change_to": "prt", "ret_remedy": "", "effective": "2016-01-15"}, "puk": {"name": "Pu Ko", "reason": "N", "change_to": "", "ret_remedy": "", "effective": "2017-01-31"}, "pun": {"name": "Pubian", "reason": "M", "change_to": "ljp", "ret_remedy": "", "effective": "2008-01-14"}, "puz": {"name": "Purum Naga", "reason": "M", "change_to": "pub", "ret_remedy": "", "effective": "2014-02-03"}, "quj": {"name": "Joyabaj Quich\u00e9", "reason": "M", "change_to": "quc", "ret_remedy": "", "effective": "2009-01-16"}, "qut": {"name": "West Central Quich\u00e9", "reason": "M", "change_to": "quc", "ret_remedy": "", "effective": "2009-01-16"}, "quu": {"name": "Eastern Quich\u00e9", "reason": "M", "change_to": "quc", "ret_remedy": "", "effective": "2009-01-16"}, "qxi": {"name": "San Andr\u00e9s Quich\u00e9", "reason": "M", "change_to": "quc", "ret_remedy": "", "effective": "2009-01-16"}, "rae": {"name": "Ranau", "reason": "M", "change_to": "ljp", "ret_remedy": "", "effective": "2008-01-14"}, "rie": {"name": "Rien", "reason": "N", "change_to": "", "ret_remedy": "", "effective": "2017-01-31"}, "rjb": {"name": "Rajbanshi", "reason": "S", "change_to": "", "ret_remedy": "Split into Kamta (India) / Rangpuri (Bangladesh) [rkt] and Rajbanshi (Nepal) [rjs]", "effective": "2008-01-14"}, "rmr": {"name": "Cal\u00f3", "reason": "S", "change_to": "", "ret_remedy": "split into Cal\u00f3 [rmq] and Erromintxela [emx]", "effective": "2010-01-18"}, "rna": {"name": "Runa", "reason": "N", "change_to": "", "ret_remedy": "", "effective": "2016-01-15"}, "rsi": {"name": "Rennellese Sign Language", "reason": "N", "change_to": "", "ret_remedy": "", "effective": "2017-01-31"}, "rws": {"name": "Rawas", "reason": "M", "change_to": "mui", "ret_remedy": "", "effective": "2008-01-14"}, "sap": {"name": "Sanapan\u00e1", "reason": "S", "change_to": "", "ret_remedy": "Split into Sanapan\u00e1 [spn] and Angait\u00e9 [aqt]", "effective": "2014-02-03"}, "sca": {"name": "Sansu", "reason": "M", "change_to": "hle", "ret_remedy": "", "effective": "2012-02-03"}, "scc": {"name": "Serbian", "reason": "D", "change_to": "srp", "ret_remedy": "", "effective": "2008-06-28"}, "scr": {"name": "Croatian", "reason": "D", "change_to": "hrv", "ret_remedy": "", "effective": "2008-06-28"}, "sdd": {"name": "Semendo", "reason": "M", "change_to": "pse", "ret_remedy": "", "effective": "2008-01-14"}, "sdi": {"name": "Sindang Kelingi", "reason": "M", "change_to": "liw", "ret_remedy": "", "effective": "2008-01-14"}, "sdm": {"name": "Semandang", "reason": "S", "change_to": "", "ret_remedy": "Split into Semandang [sdq], Beginci [ebc] and Gerai [gef]", "effective": "2020-01-23"}, "sgl": {"name": "Sanglechi-Ishkashimi", "reason": "S", "change_to": "", "ret_remedy": "split into Sanglechi [sgy] and Ishkashimi [isk]", "effective": "2010-01-18"}, "sgo": {"name": "Songa", "reason": "N", "change_to": "", "ret_remedy": "", "effective": "2015-01-12"}, "sic": {"name": "Malinguat", "reason": "S", "change_to": "", "ret_remedy": "Split into Keak [keh] and Sos Kundi [sdk]", "effective": "2009-01-16"}, "skk": {"name": "Sok", "reason": "M", "change_to": "oyb", "ret_remedy": "", "effective": "2017-01-31"}, "skl": {"name": "Selako", "reason": "M", "change_to": "knx", "ret_remedy": "", "effective": "2008-01-14"}, "slb": {"name": "Kahumamahon Saluan", "reason": "M", "change_to": "loe", "ret_remedy": "", "effective": "2008-01-14"}, "smd": {"name": "Sama", "reason": "M", "change_to": "kmb", "ret_remedy": "", "effective": "2022-01-20"}, "snb": {"name": "Sebuyau", "reason": "M", "change_to": "iba", "ret_remedy": "", "effective": "2022-01-20"}, "snh": {"name": "Shinabo", "reason": "N", "change_to": "", "ret_remedy": "", "effective": "2017-01-31"}, "srj": {"name": "Serawai", "reason": "M", "change_to": "pse", "ret_remedy": "", "effective": "2008-01-14"}, "stc": {"name": "Santa Cruz", "reason": "S", "change_to": "", "ret_remedy": "Split into Nat\u00fcgu [ntu] and Nal\u00f6go [nlz]", "effective": "2009-01-16"}, "suf": {"name": "Tarpia", "reason": "S", "change_to": "", "ret_remedy": "Split into Tarpia [tpf] (new identifier) and Kaptiau [kbi]", "effective": "2008-01-14"}, "suh": {"name": "Suba", "reason": "S", "change_to": "", "ret_remedy": "Split into Suba [sxb] (Kenya) and Suba-Simbita [ssc] (Tanzania)", "effective": "2008-01-14"}, "sul": {"name": "Surigaonon", "reason": "S", "change_to": "", "ret_remedy": "Split into Tandaganon [tgn] and Surigaonon [sgd] (new identifier)", "effective": "2010-01-18"}, "sum": {"name": "Sumo-Mayangna", "reason": "S", "change_to": "", "ret_remedy": "Split into Mayangna [yan] and Ulwa [ulw]", "effective": "2010-01-18"}, "suu": {"name": "Sungkai", "reason": "M", "change_to": "ljp", "ret_remedy": "", "effective": "2008-01-14"}, "svr": {"name": "Savara", "reason": "N", "change_to": "", "ret_remedy": "", "effective": "2016-01-15"}, "szk": {"name": "Sizaki", "reason": "M", "change_to": "ikz", "ret_remedy": "", "effective": "2008-01-14"}, "tbb": {"name": "Tapeba", "reason": "N", "change_to": "", "ret_remedy": "", "effective": "2020-01-23"}, "tdu": {"name": "Tempasuk Dusun", "reason": "M", "change_to": "dtp", "ret_remedy": "", "effective": "2016-01-15"}, "tgg": {"name": "Tangga", "reason": "S", "change_to": "", "ret_remedy": "Split into Fanamaket [bjp], Niwer Mil [hrc], and Warwar Feni [hrw]", "effective": "2013-01-23"}, "thc": {"name": "Tai Hang Tong", "reason": "M", "change_to": "tpo", "ret_remedy": "", "effective": "2016-01-15"}, "thw": {"name": "Thudam", "reason": "M", "change_to": "ola", "ret_remedy": "", "effective": "2020-03-19"}, "thx": {"name": "The", "reason": "D", "change_to": "oyb", "ret_remedy": "", "effective": "2015-01-12"}, "tid": {"name": "Tidong", "reason": "S", "change_to": "", "ret_remedy": "Split into Northern Tidung [ntd] and Southern Tidung [itd]", "effective": "2016-01-15"}, "tie": {"name": "Tingal", "reason": "M", "change_to": "ras", "ret_remedy": "", "effective": "2011-05-18"}, "tkk": {"name": "Takpa", "reason": "D", "change_to": "twm", "ret_remedy": "", "effective": "2011-05-18"}, "tle": {"name": "Southern Marakwet", "reason": "M", "change_to": "enb", "ret_remedy": "", "effective": "2008-01-14"}, "tlw": {"name": "South Wemale", "reason": "M", "change_to": "weo", "ret_remedy": "", "effective": "2012-02-03"}, "tlz": {"name": "Toala'", "reason": "M", "change_to": "rob", "ret_remedy": "", "effective": "2009-01-16"}, "tmp": {"name": "Tai M\u00e8ne", "reason": "M", "change_to": "tyj", "ret_remedy": "", "effective": "2016-01-15"}, "tmx": {"name": "Tomyang", "reason": "M", "change_to": "ybi", "ret_remedy": "", "effective": "2007-07-18"}, "tne": {"name": "Tinoc Kallahan", "reason": "M", "change_to": "kak", "ret_remedy": "", "effective": "2016-01-15"}, "tnf": {"name": "Tangshewi", "reason": "M", "change_to": "prs", "ret_remedy": "", "effective": "2010-01-18"}, "tnj": {"name": "Tanjong", "reason": "M", "change_to": "kxn", "ret_remedy": "", "effective": "2008-01-14"}, "toe": {"name": "Tomedes", "reason": "N", "change_to": "", "ret_remedy": "", "effective": "2016-01-15"}, "tot": {"name": "Patla-Chicontla Totonac", "reason": "S", "change_to": "", "ret_remedy": "Split into Upper Necaxa Totonac [tku] and Tecpatl\u00e1n Totonac [tcw]", "effective": "2007-07-18"}, "tsf": {"name": "Southwestern Tamang", "reason": "M", "change_to": "taj", "ret_remedy": "", "effective": "2015-01-12"}, "ttx": {"name": "Tutong 1", "reason": "M", "change_to": "bsb", "ret_remedy": "", "effective": "2008-01-14"}, "tzb": {"name": "Bachaj\u00f3n Tzeltal", "reason": "M", "change_to": "tzh", "ret_remedy": "", "effective": "2009-01-16"}, "tzc": {"name": "Chamula Tzotzil", "reason": "M", "change_to": "tzo", "ret_remedy": "", "effective": "2009-01-16"}, "tze": {"name": "Chenalh\u00f3 Tzotzil", "reason": "M", "change_to": "tzo", "ret_remedy": "", "effective": "2009-01-16"}, "tzs": {"name": "San Andr\u00e9s Larrainzar Tzotzil", "reason": "M", "change_to": "tzo", "ret_remedy": "", "effective": "2009-01-16"}, "tzt": {"name": "Western Tzutujil", "reason": "M", "change_to": "tzj", "ret_remedy": "", "effective": "2009-01-16"}, "tzu": {"name": "Huixt\u00e1n Tzotzil", "reason": "M", "change_to": "tzo", "ret_remedy": "", "effective": "2009-01-16"}, "tzz": {"name": "Zinacant\u00e1n Tzotzil", "reason": "M", "change_to": "tzo", "ret_remedy": "", "effective": "2009-01-16"}, "ubm": {"name": "Upper Baram Kenyah", "reason": "N", "change_to": "", "ret_remedy": "", "effective": "2008-01-14"}, "unp": {"name": "Worora", "reason": "S", "change_to": "", "ret_remedy": "Split into Worrorra [wro] and Unggumi [xgu].", "effective": "2012-02-03"}, "uok": {"name": "Uokha", "reason": "M", "change_to": "ema", "ret_remedy": "", "effective": "2015-01-12"}, "uun": {"name": "Kulon-Pazeh", "reason": "S", "change_to": "", "ret_remedy": "Split into Kulon [uon] and Pazeh [pzh]", "effective": "2022-01-20"}, "vki": {"name": "Ija-Zuba", "reason": "S", "change_to": "", "ret_remedy": "Split into Koro Nulu [vkn] and Koro Zuba [vkz]", "effective": "2021-01-15"}, "vky": {"name": "Kayu Agung", "reason": "M", "change_to": "kge", "ret_remedy": "", "effective": "2008-01-14"}, "vlr": {"name": "Vatrata", "reason": "S", "change_to": "", "ret_remedy": "Split into Vera'a [vra] and Lemerig [lrz]", "effective": "2009-01-16"}, "vmo": {"name": "Muko-Muko", "reason": "M", "change_to": "min", "ret_remedy": "", "effective": "2008-01-14"}, "wgw": {"name": "Wagawaga", "reason": "S", "change_to": "", "ret_remedy": "Split into Yaleba [ylb] and Wagawaga [wgb] (new identifier)", "effective": "2010-01-18"}, "wit": {"name": "Wintu", "reason": "S", "change_to": "", "ret_remedy": "Split into Wintu [wnw], Nomlaki [nol], and Patwin [pwi]", "effective": "2013-01-23"}, "wiw": {"name": "Wirangu", "reason": "S", "change_to": "", "ret_remedy": "Split into Wirangu [wgu] and Nauo [nwo]", "effective": "2012-02-03"}, "wra": {"name": "Warapu", "reason": "S", "change_to": "", "ret_remedy": "Split into Bauni [bpe], Uni [uni] and Bouni [suo]", "effective": "2021-01-15"}, "wrd": {"name": "Warduji", "reason": "", "change_to": "", "ret_remedy": "", "effective": "2022-01-20"}, "wre": {"name": "Ware", "reason": "N", "change_to": "", "ret_remedy": "", "effective": "2008-01-14"}, "wya": {"name": "Wyandot", "reason": "S", "change_to": "", "ret_remedy": "Split into Wyandot [wyn] and Wendat [wdt]", "effective": "2022-01-20"}, "xah": {"name": "Kahayan", "reason": "M", "change_to": "nij", "ret_remedy": "", "effective": "2008-01-14"}, "xba": {"name": "Kamba (Brazil)", "reason": "D", "change_to": "cax", "ret_remedy": "", "effective": "2016-01-15"}, "xbx": {"name": "Kabix\u00ed", "reason": "N", "change_to": "", "ret_remedy": "", "effective": "2016-01-15"}, "xia": {"name": "Xiandao", "reason": "M", "change_to": "acn", "ret_remedy": "", "effective": "2013-01-23"}, "xip": {"name": "Xipin\u00e1wa", "reason": "N", "change_to": "", "ret_remedy": "", "effective": "2016-01-15"}, "xkh": {"name": "Karahawyana", "reason": "D", "change_to": "waw", "ret_remedy": "", "effective": "2016-01-15"}, "xkm": {"name": "Mahakam Kenyah", "reason": "N", "change_to": "", "ret_remedy": "", "effective": "2008-01-14"}, "xmi": {"name": "Miarr\u00e3", "reason": "N", "change_to": "", "ret_remedy": "", "effective": "2007-07-18"}, "xrq": {"name": "Karranga", "reason": "M", "change_to": "dmw", "ret_remedy": "", "effective": "2020-01-23"}, "xsj": {"name": "Subi", "reason": "D", "change_to": "suj", "ret_remedy": "", "effective": "2015-01-12"}, "xsk": {"name": "Sakan", "reason": "D", "change_to": "kho", "ret_remedy": "", "effective": "2008-10-23"}, "xst": {"name": "Silt'e", "reason": "S", "change_to": "", "ret_remedy": "Split into Wolane [wle] and Silt'e [stv] (new identifier)", "effective": "2008-02-28"}, "xtz": {"name": "Tasmanian", "reason": "S", "change_to": "", "ret_remedy": "Split into [xpv] Northern Tasman,  [xph] North Midlands Tasman, [xpb] Northeastern Tasman, [xpd] Oyster Bay Tasmanian, [xpf] Southeast Tasma, [xpx] Southwestern Tasman, [xpw] Northwestern Tasman., [xpl] Port Sorell Tasman. and [xpz] Bruny Island Tasman.", "effective": "2020-01-23"}, "xuf": {"name": "Kunfal", "reason": "M", "change_to": "awn", "ret_remedy": "", "effective": "2008-01-14"}, "ybd": {"name": "Yangbye", "reason": "M", "change_to": "rki", "ret_remedy": "", "effective": "2012-02-03"}, "yds": {"name": "Yiddish Sign Language", "reason": "N", "change_to": "", "ret_remedy": "", "effective": "2015-01-12"}, "yen": {"name": "Yendang", "reason": "S", "change_to": "", "ret_remedy": "Split into Yendang [ynq] and Yotti [yot]", "effective": "2012-02-03"}, "yib": {"name": "Yinglish", "reason": "M", "change_to": "eng", "ret_remedy": "", "effective": "2007-07-18"}, "yio": {"name": "Dayao Yi", "reason": "M", "change_to": "lpo", "ret_remedy": "", "effective": "2008-01-14"}, "yiy": {"name": "Yir Yoront", "reason": "S", "change_to": "", "ret_remedy": "Split into Yir Yoront [yyr] and Yirrk-Mel [yrm]", "effective": "2013-01-23"}, "yma": {"name": "Yamphe", "reason": "M", "change_to": "lrr", "ret_remedy": "", "effective": "2012-02-03"}, "ymj": {"name": "Muji Yi", "reason": "S", "change_to": "", "ret_remedy": "Split into five languages: Muji, Southern [ymc], Mojii [ymi], Qila Muji [ymq], Northern Muji [ymx], and Muzi [ymz]", "effective": "2008-01-14"}, "ynh": {"name": "Yangho", "reason": "N", "change_to": "", "ret_remedy": "", "effective": "2015-01-12"}, "yos": {"name": "Yos", "reason": "M", "change_to": "zom", "ret_remedy": "", "effective": "2013-01-23"}, "ypl": {"name": "Pula Yi", "reason": "S", "change_to": "", "ret_remedy": "Split into three languages: Phola [ypg], Phala [ypa] and Alo Phola [ypo]", "effective": "2008-01-14"}, "ypw": {"name": "Puwa Yi", "reason": "S", "change_to": "", "ret_remedy": "Split into three languages: Hlepho Phowa [yhl], Labo Phowa [ypb], and Ani Phowa [ypn]", "effective": "2008-01-14"}, "yri": {"name": "Yar\u00ed", "reason": "N", "change_to": "", "ret_remedy": "", "effective": "2016-01-15"}, "yus": {"name": "Chan Santa Cruz Maya", "reason": "M", "change_to": "yua", "ret_remedy": "", "effective": "2009-01-16"}, "yuu": {"name": "Yugh", "reason": "M", "change_to": "yug", "ret_remedy": "", "effective": "2014-02-03"}, "ywm": {"name": "Wumeng Yi", "reason": "M", "change_to": "ywu", "ret_remedy": "", "effective": "2008-01-14"}, "yym": {"name": "Yuanjiang-Mojiang Yi", "reason": "S", "change_to": "", "ret_remedy": "Split into Southern Nisu [nsd] and Southwestern Nisu [nsv]", "effective": "2008-01-14"}, "zir": {"name": "Ziriya", "reason": "D", "change_to": "scv", "ret_remedy": "", "effective": "2020-01-23"}, "ztc": {"name": "Lachirioag Zapotec", "reason": "M", "change_to": "zty", "ret_remedy": "", "effective": "2007-07-18"}}